index_meta,ID,site,phase,prefecture,area,pc1,pc2,pc3,pc4,pc5,pc6
,agata_604.jpg,Agata,08. H,ehime,05. Shikoku,-0.131375872,0.016119484,0.012982023,0.010652812,-0.034549721,0.00654081
agata_606,agata_606.jpg,Agata,08. H,ehime,05. Shikoku,-0.035756799,-0.050621206,-0.029607103,0.000439266,-0.023491529,-0.0376121
agata_609,agata_609.jpg,Agata,08. H,ehime,05. Shikoku,-0.062839182,0.003169291,-0.023140823,-0.022403058,-0.016079565,-0.0117797
agata_611,agata_611.jpg,Agata,08. H,ehime,05. Shikoku,0.059102333,-0.11006649,0.054412181,-0.021345345,-0.037283422,-0.0103681
agata_616,agata_616.jpg,Agata,08. H,ehime,05. Shikoku,-0.129556435,0.098669778,0.026651285,-0.02977224,-0.023359777,-0.0210187
,agata_618.jpg,Agata,08. H,ehime,05. Shikoku,-0.088879651,0.013721057,-0.007618537,-0.009060327,-0.025414537,0.01444648
agata_620,agata_620.jpg,Agata,08. H,ehime,05. Shikoku,-0.03905728,-0.027556269,-0.041463334,-0.029707692,-0.002802167,-0.0046161
aso_10,asoshogakko_10.jpg,Asoshogakko,05. E,ehime,05. Shikoku,-0.006902357,0.029910503,0.018470402,-0.018963387,-0.014654876,0.00214885
aso_11,asoshogakko_11.jpg,Asoshogakko,05. E,ehime,05. Shikoku,-0.021381947,-0.117880461,-0.02340969,0.023527059,-0.00544823,-0.0191194
ayaragi_go_9,ayaragi_go.9.jpg,Ayaragigo,04. D,yamaguchi,03. Sanyo,-0.009571553,0.08647132,0.032135284,-0.013611945,-0.004139064,-0.0121244
ayaragi_go_11,ayaragi_go.11.jpg,Ayaragigo,04. D,yamaguchi,03. Sanyo,0.039875866,0.049499741,-0.018616638,-0.010482339,-0.004498941,0.00266808
ayaragi_go_52,ayaragi_go.52.jpg,Ayaragigo,04. D,yamaguchi,03. Sanyo,-0.035266441,-0.000195462,0.026306951,-0.013561968,-0.00944128,0.00204534
ayaragi_go_56,ayaragi_go.56.jpg,Ayaragigo,04. D,yamaguchi,03. Sanyo,0.017822179,0.055640674,0.014550192,0.019787,0.001362879,0.00189106
,ayaragi_go.61.jpg,Ayaragigo,04. D,yamaguchi,03. Sanyo,0.161816436,-0.035801782,0.0392215,0.00059595,-0.01827737,-0.0087714
ayaragi_go_94,ayaragi_go.94.jpg,Ayaragigo,04. D,yamaguchi,03. Sanyo,0.042825264,0.044543537,-0.00378093,-0.011857066,-0.004002389,0.00255787
,ayaragi_go.97.jpg,Ayaragigo,04. D,yamaguchi,03. Sanyo,0.08847142,-0.011537127,0.017612868,0.023836453,-0.002099208,-0.0123973
,ayaragi_go.99.jpg,Ayaragigo,04. D,yamaguchi,03. Sanyo,0.019751228,0.010575075,-0.029430164,-0.004522669,-0.012777355,-0.0023243
ayaragi_go_101,ayaragi_go.101.jpg,Ayaragigo,04. D,yamaguchi,03. Sanyo,0.174803288,0.061020037,0.037053973,-0.007891893,0.023561408,0.00271399
ayaragi_go_126,ayaragi_go.126.jpg,Ayaragigo,04. D,yamaguchi,03. Sanyo,0.039144713,-0.015253567,0.019399288,0.001956562,0.004241018,-0.0001387
ayaragi_go_157,ayaragi_go.157.jpg,Ayaragigo,04. D,yamaguchi,03. Sanyo,0.067086475,0.024004028,-0.031524446,0.020374117,0.007886746,0.00024048
ayaragi_go_158,ayaragi_go.158.jpg,Ayaragigo,04. D,yamaguchi,03. Sanyo,0.018599007,0.027894118,-0.026457005,0.004357863,-0.001580977,-0.0021441
ayaragi_go_160,ayaragi_go.160.jpg,Ayaragigo,04. D,yamaguchi,03. Sanyo,0.035202433,0.003422819,0.003247784,0.013543071,-0.004238313,0.00524275
ayaragi_go_184,ayaragi_go.184.jpg,Ayaragigo,04. D,yamaguchi,03. Sanyo,-0.012316782,-0.034781331,-0.017768979,-0.010904806,-0.036165276,-0.0032497
ayaragi_go_186,ayaragi_go.186.jpg,Ayaragigo,04. D,yamaguchi,03. Sanyo,0.108074751,0.048771146,0.000428919,-0.014412123,0.023600403,0.01438474
ayaragi_go_199,ayaragi_go.199.jpg,Ayaragigo,04. D,yamaguchi,03. Sanyo,0.187570398,0.081588784,0.023342254,0.010952116,0.01512267,-0.0147914
ayaragi_go_202,ayaragi_go.202.jpg,Ayaragigo,04. D,yamaguchi,03. Sanyo,0.019576437,-0.003504931,-0.033718761,-0.005646592,0.009241467,-0.0004914
ayaragi_go_203,ayaragi_go.203.jpg,Ayaragigo,04. D,yamaguchi,03. Sanyo,0.058724282,0.003194767,0.011047649,0.005049572,-0.009872034,-0.008563
ayaragi_go_209,ayaragi_go.209.jpg,Ayaragigo,04. D,yamaguchi,03. Sanyo,-0.047399096,-0.004381359,-0.032514202,0.001585297,-0.008645665,0.00335669
ayaragi_go_224,ayaragi_go.224.jpg,Ayaragigo,04. D,yamaguchi,03. Sanyo,0.000389509,0.016777852,0.021349222,-0.002462218,0.007252485,0.00612544
ayaragi_go_237,ayaragi_go.237.jpg,Ayaragigo,05. E,yamaguchi,03. Sanyo,0.085597701,0.04462788,0.007723559,0.007360441,0.009568138,-0.0064062
ayaragi_go_240,ayaragi_go.240.jpg,Ayaragigo,05. E,yamaguchi,03. Sanyo,0.101609146,0.017356754,0.028551854,0.005540513,-0.020519255,0.00079665
,ayaragi_go.249.jpg,Ayaragigo,05. E,yamaguchi,03. Sanyo,-0.074905439,0.041652582,-0.019320107,-0.00904526,-0.004803095,0.02237732
ayaragi_go_259,ayaragi_go.259.jpg,Ayaragigo,05. E,yamaguchi,03. Sanyo,0.025226999,-0.018332019,-0.038766203,0.015685129,0.009077175,0.00702186
ayaragi_go_285,ayaragi_go.285.jpg,Ayaragigo,05. E,yamaguchi,03. Sanyo,0.018054707,0.045141905,-0.033032229,0.000132654,0.007670071,0.00513605
ayaragi_go_286,ayaragi_go.286.jpg,Ayaragigo,05. E,yamaguchi,03. Sanyo,-0.050663717,-0.082611057,0.032734616,0.003786166,-0.024998622,-0.0038977
ayaragi_go_290,ayaragi_go.290.jpg,Ayaragigo,05. E,yamaguchi,03. Sanyo,-0.024443376,0.034173061,0.03722225,0.019937146,0.009016867,0.00335449
ayaragi_go_293,ayaragi_go.293.jpg,Ayaragigo,05. E,yamaguchi,03. Sanyo,0.038273146,0.033382556,0.00375225,0.004511129,-0.054391136,-0.0003409
ayaragi_go_296,ayaragi_go.296.jpg,Ayaragigo,05. E,yamaguchi,03. Sanyo,0.02920127,0.032577173,0.014886306,-0.010559692,-0.011042939,0.01660416
ayaragi_go_297,ayaragi_go.297.jpg,Ayaragigo,05. E,yamaguchi,03. Sanyo,0.121262745,0.039213283,0.002021327,-0.011936599,-0.008020391,0.0192416
ayaragi_go_299,ayaragi_go.299.jpg,Ayaragigo,05. E,yamaguchi,03. Sanyo,0.144771333,-0.00711897,0.020505041,-0.019625838,0.02653944,0.00824269
ayaragi_go_305,ayaragi_go.305.jpg,Ayaragigo,05. E,yamaguchi,03. Sanyo,-0.047273433,-0.087565244,-0.033533007,-0.002142478,0.010670065,0.00169693
ayaragi_go_312,ayaragi_go.312.jpg,Ayaragigo,05. E,yamaguchi,03. Sanyo,0.043058312,0.046490095,-0.029647249,0.017568462,0.008927613,-0.0146175
ayaragi_go_313,ayaragi_go.313.jpg,Ayaragigo,05. E,yamaguchi,03. Sanyo,0.140182719,0.016309279,0.010208782,-0.004938254,0.006241191,0.00302568
ayaragi_go_347,ayaragi_go.347.jpg,Ayaragigo,05. E,yamaguchi,03. Sanyo,0.108367772,-0.164122652,0.038711526,0.029473272,-0.012519976,-0.0231253
ayaragi_go_369,ayaragi_go.369.jpg,Ayaragigo,05. E,yamaguchi,03. Sanyo,0.020850518,0.032968569,0.031195907,0.012307759,0.041727624,0.00917897
ayaragi_go_386,ayaragi_go.386.jpg,Ayaragigo,05. E,yamaguchi,03. Sanyo,0.104679519,0.010933779,-0.026653789,0.008502159,0.008844929,0.00207903
ayaragi_go_407,ayaragi_go.407.jpg,Ayaragigo,05. E,yamaguchi,03. Sanyo,0.086886526,0.093267959,0.020196619,0.008515238,0.009810389,-0.0085533
ayaragi_go_410,ayaragi_go.410.jpg,Ayaragigo,05. E,yamaguchi,03. Sanyo,0.062127242,-0.079736207,-0.026847863,-0.022620833,-0.026747282,0.01687437
ayaragi_go_431,ayaragi_go.431.jpg,Ayaragigo,05. E,yamaguchi,03. Sanyo,-0.021887143,0.03001491,0.000786728,0.031595527,0.007571409,0.00332573
,ayaragi_go.443.jpg,Ayaragigo,05. E,yamaguchi,03. Sanyo,-0.00891865,0.060829504,0.000665587,-0.012132136,-0.001780276,-0.0019355
ayaragi_go_505,ayaragi_go.505.jpg,Ayaragigo,05. E,yamaguchi,03. Sanyo,0.059570239,0.039390842,0.025144811,0.014929321,-0.014000615,0.01010055
ayaragi_go_619,ayaragi_go.619.jpg,Ayaragigo,06. F,yamaguchi,03. Sanyo,-0.005286518,0.077900373,0.018651597,0.023083079,-0.007199785,0.01004867
ayaragi_go_1033,ayaragi_go.1033.jpg,Ayaragigo,06. F,yamaguchi,03. Sanyo,0.244680596,0.021736693,0.048187948,-0.020192437,-0.02700815,-0.0145767
daikai_1_9,daikai_1993_9.jpg,Daikai,04. D,hyogo,06. Kinki,-0.006933965,-0.079377637,0.02067578,-0.013550624,-0.01262873,-0.0037076
daikai_1_131,daikai_1993_131.jpg,Daikai,04. D,hyogo,06. Kinki,-0.029597797,-0.074183536,0.013385795,-0.079122654,-0.016593789,-0.0145772
daikai_1_132,daikai_1993_132.jpg,Daikai,04. D,hyogo,06. Kinki,0.022010581,0.073599645,-0.046409395,0.013342686,-0.029910522,-0.0179165
daikai_1_293,daikai_1993_293.jpg,Daikai,04. D,hyogo,06. Kinki,-0.013553343,0.001570472,-0.017168732,-0.004178481,-0.018538095,0.00376143
daikai_1_301,daikai_1993_301.jpg,Daikai,04. D,hyogo,06. Kinki,-0.092686985,-0.061019516,-0.002475339,-0.001411243,0.011689508,0.00231889
daikai_1_302,daikai_1993_302.jpg,Daikai,04. D,hyogo,06. Kinki,-0.086629196,0.027032748,-0.005934421,0.015453548,-0.001667631,0.01212101
daikai_1_354,daikai_1993_354.jpg,Daikai,04. D,hyogo,06. Kinki,0.066829627,0.015061195,0.029457995,-0.004116221,-0.003087004,0.01072303
daikai_1_362,daikai_1993_362.jpg,Daikai,04. D,hyogo,06. Kinki,0.149738263,0.05070955,0.06490309,-0.003185293,-0.004016843,-0.0081978
daikai_1_429,daikai_1993_429.jpg,Daikai,04. D,hyogo,06. Kinki,-0.070343895,0.041310571,0.000787452,-0.007585659,-0.019160966,0.00465699
daikai_1_441,daikai_1993_441.jpg,Daikai,04. D,hyogo,06. Kinki,-0.092725016,-0.010778178,-0.001099706,-0.005249217,-0.020349951,-0.0119307
daikai_1_536,daikai_1993_536.jpg,Daikai,04. D,hyogo,06. Kinki,0.02393256,0.004112694,0.014708325,0.011570086,-0.015216655,-0.0193426
daikai_1_537,daikai_1993_537.jpg,Daikai,04. D,hyogo,06. Kinki,-0.006185331,-0.044966847,0.003491472,-0.003374776,-0.023093779,0.00150811
,daikai_1993_538.jpg,Daikai,04. D,hyogo,06. Kinki,0.001039777,0.002676573,-0.03083672,-0.007935881,-0.009271706,0.01169463
daikai_1_604,daikai_1993_604.jpg,Daikai,04. D,hyogo,06. Kinki,-0.086387808,-0.004026061,-0.005992496,0.023635818,0.00342743,0.00382061
daikai_1_609,daikai_1993_609.jpg,Daikai,04. D,hyogo,06. Kinki,0.039704049,0.055014129,0.042181716,-0.021115436,0.012809777,0.00796746
daikai_1_629,daikai_1993_629.jpg,Daikai,04. D,hyogo,06. Kinki,-0.040255035,0.030414897,0.005924876,0.000387697,0.007645368,0.00646437
daikai_1_635,daikai_1993_635.jpg,Daikai,04. D,hyogo,06. Kinki,-0.058229717,0.03755189,0.006442314,-0.002619686,-0.004349376,0.00421274
daikai_1_652,daikai_1993_652.jpg,Daikai,04. D,hyogo,06. Kinki,-0.031944192,0.011107828,0.034789976,-0.014891628,-0.011258951,-0.0222169
daikai_1_688,daikai_1993_688.jpg,Daikai,04. D,hyogo,06. Kinki,-0.056048598,-0.053081457,-0.009721333,-0.009030065,0.005608483,-0.0004893
daikai_1_693,daikai_1993_693.jpg,Daikai,04. D,hyogo,06. Kinki,-0.093674634,0.031535788,0.002131438,0.010973135,-0.009945232,0.01434953
daikai_1_706,daikai_1993_706.jpg,Daikai,04. D,hyogo,06. Kinki,-0.032056595,0.012551,0.018607114,0.021227354,-0.009945977,0.00873682
daikai_17_24,daikai_2014_24.jpg,Daikai,04. D,hyogo,06. Kinki,0.016293464,-0.144957984,-0.013122853,0.016745752,0.006792512,-0.0136064
daikai_14_25,daikai_2014_25.jpg,Daikai,04. D,hyogo,06. Kinki,-0.008859992,0.017919875,-0.006372236,-0.027772321,-0.008943699,-0.0088559
daikai_17_27,daikai_2014_27.jpg,Daikai,04. D,hyogo,06. Kinki,-0.049272935,0.003751913,0.003295044,0.005254184,0.004810264,-0.0020784
daikai_14_28,daikai_2014_28.jpg,Daikai,04. D,hyogo,06. Kinki,0.072615614,0.033303686,-0.013813605,0.022980352,-0.024040808,0.02381674
dougomachi_89,dogocho_89.jpg,Dogocho,08. H,ehime,05. Shikoku,-0.03893584,0.050959232,-0.018103179,0.01518995,-0.005150587,0.00371031
dougoimaichi_5,dogoimaichi_5.jpg,Dogomachi,08. H,ehime,05. Shikoku,-0.010531591,0.075863137,-0.009233088,-0.022411083,0.006577094,-0.0081755
guzo_433,guzo_433.jpg,Guzo,08. H,hyogo,06. Kinki,-0.014238102,-0.014125259,-0.022088001,0.007158774,-0.007630234,-0.0126985
guzo_435,guzo_435.jpg,Guzo,08. H,hyogo,06. Kinki,-0.018831107,-0.036964367,-0.005027377,0.018013918,0.024141658,-0.0052739
,haradanishi_95.jpg,Haradanishi,08. H,hyogo,06. Kinki,0.101575816,-0.028048736,-0.035580323,0.039850233,-0.002871716,-0.005423
,haradanishi_155.jpg,Haradanishi,08. H,hyogo,06. Kinki,-0.007785323,-0.031390218,-0.013182633,-0.003654377,0.008567924,0.02126421
haradanishi_156,haradanishi_156.jpg,Haradanishi,08. H,hyogo,06. Kinki,0.037026282,0.032578551,-0.030818521,0.014024719,0.015063539,0.00579336
hariehama_51,hariehama_51.jpg,Hariehama,07. G,hyogo,06. Kinki,0.086196293,0.00082725,0.021806874,0.018825713,0.018362727,-0.00479
hariehama_58,hariehama_58.jpg,Hariehama,07. G,shiga,06. Kinki,0.144317031,0.087937011,0.002470774,-0.004647252,0.012211457,-0.0074542
hariehama_59,hariehama_59.jpg,Hariehama,07. G,shiga,06. Kinki,0.16389795,0.005030328,-0.027883945,0.03197987,0.004200576,0.01627858
hariehama_95,hariehama_95.jpg,Hariehama,07. G,shiga,06. Kinki,0.021917475,0.062735805,-0.019359766,-0.031811312,0.007370383,0.00072721
hariehama_134,hariehama_134.jpg,Hariehama,07. G,shiga,06. Kinki,0.02784083,0.038841586,-0.038877973,-0.01010679,0.01837388,0.00433069
hariehama_141,hariehama_141.jpg,Hariehama,07. G,shiga,06. Kinki,0.069526747,-0.047465161,-0.020602926,0.027424785,0.006097764,0.00029598
hariehama_347,hariehama_347.jpg,Hariehama,07. G,shiga,06. Kinki,-0.004535553,0.061871321,-0.022470103,-0.019917068,-0.015185254,0.02827694
hariehama_389,hariehama_389.jpg,Hariehama,07. G,shiga,06. Kinki,0.068900498,-0.029698075,-0.035557277,0.005383526,-0.006614389,-0.0102104
higashinara_76,higashinara_76,Higashinara,06. F,osaka,06. Kinki,0.012090598,-0.1288168,-0.023831554,0.006984351,-0.0104304,0.00459964
higashinara_8,higashinara_8,Higashinara,06. F,osaka,06. Kinki,-0.009930504,0.008505283,0.051885078,-0.013869576,-0.023634437,0.00466653
hirai_1,hirai_1,,07. G,ehime,05. Shikoku,0.014975638,-0.001067523,0.006156887,0.009870463,0.010149244,-0.0091873
sawada_625,hyakkenngawa_sawada625.jpg,Hyakkengawa,04. D,okayama,03. Sanyo,-0.091643409,0.027892936,0.032365024,0.010605468,0.016963143,0.02236713
sawada_747,hyakkenngawa_sawada747.jpg,Hyakkengawa,04. D,okayama,03. Sanyo,0.026240175,0.042879699,0.010758158,0.009544802,0.014259384,0.01519797
sawada_797,hyakkenngawa_sawada797.jpg,Hyakkengawa,04. D,okayama,03. Sanyo,0.062678802,0.030176331,0.019280383,0.007792548,0.003193718,0.01563861
sawada_806,hyakkenngawa_sawada806.jpg,Hyakkengawa,04. D,okayama,03. Sanyo,0.055195258,0.076009158,0.030346114,-0.005633492,-0.03647779,0.0151963
imagawa_38,imagawa_38.jpg,Imagawa,02. B,osaka,01. N_Kyushu,-0.054052829,0.027708306,0.010264806,0.022320251,-0.033336781,-0.0122467
imagawa_50,imagawa_50.jpg,Imagawa,02. B,osaka,01. N_Kyushu,0.0897204,0.011447108,-0.007804127,-0.004528411,-0.005942466,0.00562516
imagawa_51,imagawa_51.jpg,Imagawa,02. B,osaka,01. N_Kyushu,0.117135435,-0.064626115,0.005409376,-0.034467272,-0.011851308,0.01470642
imagawa_65,imagawa_65.jpg,Imagawa,02. B,ehime,01. N_Kyushu,-0.048748703,-0.004698329,0.028132067,0.00609853,0.005154936,0.00529845
imagawa_66,imagawa_66.jpg,Imagawa,02. B,fukuoka,01. N_Kyushu,-0.00598464,0.039525027,-0.016115948,0.021087537,-0.000598833,-0.0005368
imagawa_71,imagawa_71.jpg,Imagawa,02. B,fukuoka,01. N_Kyushu,0.079923181,0.006302465,-0.028406213,-0.016133536,-0.002115408,0.02014446
imagawa_73,imagawa_73.jpg,Imagawa,02. B,fukuoka,01. N_Kyushu,-0.003558318,0.100352416,-0.014540411,0.012667047,-0.00421517,-0.0225189
imagawa_122,imagawa_122.jpg,Imagawa,02. B,fukuoka,01. N_Kyushu,0.06487134,0.010669126,-0.000922679,0.020106962,-0.019073365,-0.0134064
ishii_266,ishii_266,Ishii,04. D,ehime,05. Shikoku,-0.103422086,-0.027610547,0.050437205,-0.043227409,0.003140199,0.00072134
itazuke_35_3_74,itazuke_35_3_74.jpg,Itazuke,01. A,fukuoka,01. N_Kyushu,-0.007184856,-0.075696439,-0.030396677,0.008041985,-0.017285271,0.02502616
itazuke_35_3_161_1,itazuke_35_3_161_1.jpg,Itazuke,01. A,fukuoka,01. N_Kyushu,-0.017177281,-0.005491739,-0.007896705,0.006050395,0.006043089,0.00550986
itazuke_39_12_c1,itazuke_39_12_c1.jpg,Itazuke,01. A,fukuoka,01. N_Kyushu,-0.054873161,0.058187266,0.007805521,-0.029391018,-0.005861918,-0.0197009
itazuke_39_12_c4,itazuke_39_12_c4.jpg,Itazuke,01. A,fukuoka,01. N_Kyushu,-0.019513416,0.041055949,0.006667978,0.016502737,0.014494425,0.00226799
,itazuke_39_13_10.jpg,Itazuke,01. A,fukuoka,01. N_Kyushu,-0.133698614,0.029373554,-0.030723295,-0.0244163,0.001196924,0.0012164
itazuke_1069_49_ii_213,itazuke_1069_49_II_213.jpg,Itazuke,01. A,fukuoka,01. N_Kyushu,-0.050210407,-0.116837003,-0.013908251,0.0266546,-0.009666833,0.01332578
itazuke_1069_50_ii_5732,itazuke_1069_50_II_5732.jpg,Itazuke,01. A,fukuoka,01. N_Kyushu,-0.056133242,-0.078845426,-0.02273812,0.00594808,0.013792372,0.0015766
,itazuke_1069_51_II_7145.jpg,Itazuke,01. A,fukuoka,01. N_Kyushu,-0.097586969,-0.064134477,-0.010134043,0.034061807,-0.006427811,0.01548906
itazuke_1069_52_ii_7836,itazuke_1069_52_II_7836.jpg,Itazuke,01. A,fukuoka,01. N_Kyushu,0.024166109,0.073351507,0.030410367,-0.01126367,-0.018472221,-0.0002772
itazuke_1069_53_ii_10301,itazuke_1069_53_II_10301.jpg,Itazuke,01. A,fukuoka,01. N_Kyushu,-0.025623706,-0.161264908,0.006384576,0.020589229,0.000768449,0.0095639
itazuke_1069_53_ii_12798,itazuke_1069_53_II_12798.jpg,Itazuke,01. A,fukuoka,01. N_Kyushu,-0.036447195,-0.004149986,-0.003669876,0.026269688,0.022580964,-0.014592
,itazuke_1069_54_II_11432.jpg,Itazuke,01. A,fukuoka,01. N_Kyushu,-0.077489956,-0.063584612,-0.021122142,-0.005144914,0.009475571,-0.0021027
itazuke_1069_54_ii_12761,itazuke_1069_54_II_12761.jpg,Itazuke,01. A,fukuoka,01. N_Kyushu,0.061923396,0.02175464,-0.024324681,0.027525824,-0.020729018,-0.0065722
itazuke_1069_54_ii_13198,itazuke_1069_54_II_13198.jpg,Itazuke,01. A,fukuoka,01. N_Kyushu,-0.039883845,0.0092832,-0.04873367,-0.003481672,0.006012398,0.00601409
itazuke_1069_54_ii_13525,itazuke_1069_54_II_13525.jpg,Itazuke,01. A,fukuoka,01. N_Kyushu,0.092275215,0.013840085,-0.026399936,0.010007392,0.010631713,0.00358279
,itazuke_1069_57_II_3718.jpg,Itazuke,01. A,fukuoka,01. N_Kyushu,-0.071287713,0.002413811,-0.028569795,0.025363692,-0.00084183,-0.0086754
itazuke_1069_65_1,itazuke_1069_65_1.jpg,Itazuke,01. A,fukuoka,01. N_Kyushu,-0.075529645,0.110694014,0.01341297,-0.037066034,-0.005176346,-0.0018304
,itazuke_1069_65_2.jpg,Itazuke,01. A,fukuoka,01. N_Kyushu,0.005226938,0.031042179,-0.02892227,-0.008204274,0.004493195,-0.0136957
itazuke_1069_65_4,itazuke_1069_65_4.jpg,Itazuke,01. A,fukuoka,01. N_Kyushu,-0.022364901,-0.072362022,-0.026870052,0.025810284,0.004091892,0.00485526
itazuke_1069_67_3723,itazuke_1069_67_3723.jpg,Itazuke,01. A,fukuoka,01. N_Kyushu,0.006910387,0.028316842,-0.031500695,-0.002625134,0.030212952,-4.28E-05
iteda_627,iteda_627,Iteda,08. H,hyogo,06. Kinki,0.034232888,-0.018881161,0.003133592,1.05E-05,0.019104362,0.00167703
iteda_636,iteda_636,Iteda,08. H,hyogo,06. Kinki,0.068332365,0.026023883,-0.022714987,0.014425197,-0.003370316,0.00324277
iteda_719,iteda_719.jpg,Iteda,08. H,hyogo,06. Kinki,0.021865315,-0.035628364,-0.036284952,0.001284376,0.00082078,0.007521
kamei_84_487,kamei_86_487.jpg,Kamei,07. G,osaka,06. Kinki,-0.044341212,0.029309682,-0.007413126,0.008136568,-0.003233126,0.0081684
kamei_84_490,kamei_86_490.jpg,Kamei,07. G,osaka,06. Kinki,0.133666137,-0.084421757,-0.004231939,-4.39E-05,-0.021394508,0.01186883
kamei_84_491,kamei_86_491.jpg,Kamei,07. G,osaka,06. Kinki,0.064617919,-0.040316903,-0.067630273,-0.058768999,-0.005773381,-0.0037237
,kamei_86_494.jpg,Kamei,07. G,osaka,06. Kinki,0.108045214,0.031272108,-0.063657362,-0.026017533,0.022694268,-0.045069
kamei_85_495,kamei_86_495.jpg,Kamei,07. G,osaka,06. Kinki,0.03839034,0.042803357,-0.007207329,-0.000847835,0.011172278,0.02204821
kamei_85_501,kamei_86_501.jpg,Kamei,07. G,osaka,06. Kinki,0.100487512,0.023621525,0.010505641,-0.00116595,0.02349101,0.00793777
kamei_86_502,kamei_86_502.jpg,Kamei,07. G,osaka,03. Sanyo,0.103613174,-0.004507398,-0.009729746,-0.024412857,-0.020763259,-0.0018444
kamei_115_703,kamei_115_703.jpg,Kamei,07. G,osaka,06. Kinki,0.069270388,0.042565287,-0.017922245,0.009296312,0.011610479,-0.0071571
kamei_115_705,kamei_115_705.jpg,Kamei,07. G,osaka,06. Kinki,-0.007063048,-0.065676339,-0.004397072,-0.009103644,0.001307231,-0.00148
kamei_115_706,kamei_115_706.jpg,Kamei,07. G,osaka,06. Kinki,-0.01026278,0.056818666,-0.00078229,0.01028643,0.028741365,0.0006484
kamiasaeda_21,kamiasaeda_21.jpg,Kamiasaeda,06. F,hiroshima,03. Sanyo,0.006604642,-0.001043054,0.004394324,0.004449894,0.001836119,-0.0042408
karakokagi_sk215_21_52,karako-kagi_sk215_21_52.jpg,Karakokagi,06. F,nara,06. Kinki,0.031493155,0.016103981,0.012860397,0.036718849,0.027139307,0.01057948
karakokagi_sk215_21_53,karako-kagi_sk215_21_53.jpg,Karakokagi,06. F,nara,06. Kinki,-0.03353705,0.026241347,0.000815657,-0.005690028,0.01817213,0.00825841
,karako-kagi_sk219_4.jpg,Karakokagi,06. F,nara,06. Kinki,-0.018808367,0.019020829,0.00569481,-0.042653714,0.016370894,-0.006388
karasumazaki_778,karasumazaki_778.jpg,Katasumazaki,06. F,shiga,06. Kinki,-0.02947583,-0.013315528,0.007383411,-0.006611043,0.002550526,0.00292931
karasumazaki_856,karasumazaki_856.jpg,Katasumazaki,06. F,shiga,06. Kinki,-0.073638,-0.011352097,0.021746013,-0.001194832,0.016491228,0.00814176
karasumazaki_986,karasumazaki_986.jpg,Katasumazaki,06. F,shiga,06. Kinki,0.015749776,0.011336643,0.008696106,-0.012436504,-0.0113978,-0.0057332
katada_157,katada_157.jpg,Katada,07. G,wakayama,06. Kinki,-0.025885497,-0.062669106,0.033215465,-0.005829448,0.038254471,-0.0067758
katada_917,katada_917.jpg,Katada,07. G,wakayama,06. Kinki,0.041936005,0.03979134,0.015405378,0.000791025,0.003173638,-0.0002544
katada_1031,katada_1031.jpg,Katada,07. G,wakayama,06. Kinki,0.083398427,-0.00180308,0.006372015,-0.008137705,-0.000936347,-0.0008251
katada_1146,katada_1146.jpg,Katada,07. G,wakayama,06. Kinki,0.191721983,0.030706534,0.047829206,0.005786076,0.018956318,-0.0063759
katsurami_28,katsurami_28.jpg,Katsurami,07. G,tottori,04. Sanin,0.070786712,0.023661616,-0.002071285,-0.006717466,0.028362066,-0.0012251
katsurami_526,katsurami_526.jpg,Katsurami,07. G,tottori,04. Sanin,-0.052195613,-0.112329506,0.019555671,-0.009316231,0.010879417,-0.0112248
kinomoto_55_326,kinomoto_55_326.jpg,Kinomoto,06. F,osaka,06. Kinki,0.012793859,-0.046531361,0.012684068,0.005946918,-0.025352146,0.00193028
,kinomoto_59_405.jpg,Kinomoto,06. F,osaka,06. Kinki,0.054949078,-0.079537575,-0.00336488,-0.028271699,-0.040392279,-0.0106059
kinomoto_62_442,kinomoto_62_442.jpg,Kinomoto,06. F,osaka,06. Kinki,-0.098938267,-0.0356093,0.003704193,-0.030757015,0.017194965,-0.0083243
kinomoto_62_445,kinomoto_62_445.jpg,Kinomoto,06. F,osaka,06. Kinki,-0.033306961,-0.052230835,0.052397905,-0.00199177,0.018369861,-0.0038413
kinomoto_75_696,kinomoto_75_696.jpg,Kinomoto,06. F,osaka,06. Kinki,-0.060019756,-0.022501424,-0.028718369,-0.00246095,0.013645763,0.00190625
kinomoto_75_700,kinomoto_75_700.jpg,Kinomoto,06. F,osaka,06. Kinki,0.00414303,0.040949343,-0.028834236,-0.02332529,0.017605209,0.00246135
,kinomoto_76_708.jpg,Kinomoto,06. F,osaka,06. Kinki,-0.003344802,-0.031572761,-0.082949615,0.012076264,-0.006192591,-0.0095212
kinomoto_76_709,kinomoto_76_709.jpg,Kinomoto,06. F,osaka,06. Kinki,0.081689674,-0.005027164,-0.091309314,-0.004826534,0.016614013,-0.0081513
kinomoto_77_718,kinomoto_77_718.jpg,Kinomoto,06. F,osaka,06. Kinki,-0.01502564,-0.111523011,0.035945853,-0.01640624,0.031205761,0.00300966
,kinomoto_80_771.jpg,Kinomoto,06. F,osaka,06. Kinki,-0.050004637,0.025920733,-0.024612631,-0.002536594,0.005679793,0.00811896
kinomoto_80_776,kinomoto_80_776.jpg,Kinomoto,06. F,osaka,06. Kinki,0.026564432,-0.062342286,0.001993575,-0.032823955,0.03883425,0.00153712
kinomoto_83_804,kinomoto_83_804.jpg,Kinomoto,06. F,osaka,06. Kinki,0.075617664,0.004464819,-0.011538363,0.007357982,0.029789741,-0.0018138
kinomoto_84_824,kinomoto_84_824.jpg,Kinomoto,06. F,osaka,06. Kinki,-0.038521073,-0.041528023,0.018181826,0.020127387,0.004469017,-0.0067518
kinomoto_86_854,kinomoto_86_854.jpg,Kinomoto,06. F,osaka,06. Kinki,-0.026747196,-0.033934635,0.033666095,-0.006835442,-0.000224811,0.0031316
,kokubuicchoji_55.jpg,Kokubu,06. F,kyoto,06. Kinki,-0.012444387,-0.008710932,-0.008260832,0.004501702,-0.001735212,0.00466253
kumetakahata_131,kumetakahata_131,Kumetakahata,07. G,ehime,05. Shikoku,-0.021763938,0.01699688,-0.009197563,-0.004327635,0.037710214,0.00163468
kumonomiya_174,kumonomiya_174.jpg,Kumonomiya,07. G,kyoto,06. Kinki,0.113447016,-0.003912869,-0.042846945,-0.002874081,0.001387127,-0.0002433
kumonomiya_180,kumonomiya_180.jpg,Kumonomiya,07. G,kyoto,06. Kinki,0.090734819,0.099796524,-0.011890608,0.021830147,0.004759908,-0.0031887
kumonomiya_187,kumonomiya_187.jpg,Kumonomiya,07. G,kyoto,06. Kinki,0.043159502,0.015249283,-0.015335462,0.007464026,0.021138123,-0.0026828
,kumonomiya_193.jpg,Kumonomiya,07. G,kyoto,06. Kinki,0.017430519,-0.084924025,-0.000983912,0.016102332,-0.006295254,-0.0075202
,kumonomiya_216.jpg,Kumonomiya,07. G,kyoto,06. Kinki,0.063072203,-0.060325478,-0.01944546,0.000531999,0.002710307,0.01961014
kumonomiya_337,kumonomiya_337.jpg,Kumonomiya,07. G,kyoto,06. Kinki,0.010888294,0.075979501,0.009732706,-0.026719905,0.00891486,0.00754809
,kumonomiya_338.jpg,Kumonomiya,07. G,kyoto,06. Kinki,0.128647378,-0.034311086,-0.004633598,-0.011469308,0.020064289,0.0068303
kumonomiya_418,kumonomiya_418.jpg,Kumonomiya,06. F,kyoto,06. Kinki,0.018572276,-0.023111855,0.021786904,0.005470034,0.024073018,-0.004499
kumonomiya_426,kumonomiya_426.jpg,Kumonomiya,06. F,kyoto,06. Kinki,0.034903049,0.013773116,-0.026807186,0.003889632,0.006503703,-0.0048346
kumonomiya_506,kumonomiya_506.jpg,Kumonomiya,06. F,kyoto,06. Kinki,-0.082799873,0.014560257,0.016849468,-0.017156683,0.003208376,0.01694468
kumonomiya_nagaokakyo,kumonomiya_nagaokakyo_29.jpg,Kumonomiya,06. F,kyoto,06. Kinki,0.12457493,-0.033076964,0.007184855,-0.014004228,-0.014685919,-0.0102743
kuzukawa_17_20,kuzukawa_20.jpg,Kuzukawa,03. C,fukuoka,01. N_Kyushu,-0.027080313,-0.047402834,0.002710984,-0.033468991,-0.008065309,0.00298519
kuzukawa_17_21,kuzukawa_21.jpg,Kuzukawa,03. C,fukuoka,01. N_Kyushu,0.031504593,-0.076352615,0.013916083,0.009365961,0.005570457,0.02387751
kuzukawa_17_24,kuzukawa_24.jpg,Kuzukawa,03. C,fukuoka,01. N_Kyushu,0.010246472,0.06235926,-0.018340568,-0.016667001,-0.003576933,-0.0059497
kuzukawa_17_26,kuzukawa_26.jpg,Kuzukawa,03. C,fukuoka,01. N_Kyushu,-0.035744118,0.008415461,0.040056464,-0.013662881,-0.011985077,0.01276924
kuzukawa_17_28,kuzukawa_28.jpg,Kuzukawa,03. C,fukuoka,01. N_Kyushu,-0.079716158,0.009502185,-0.0246021,-0.03587791,-0.017365282,0.00041072
kuzukawa_18_29,kuzukawa_29.jpg,Kuzukawa,03. C,fukuoka,01. N_Kyushu,0.088753478,0.016208186,0.037262617,-0.022135687,0.002435174,0.02459939
kuzukawa_18_33,kuzukawa_33.jpg,Kuzukawa,03. C,fukuoka,01. N_Kyushu,0.068314967,-0.029771839,0.004042038,-0.011595727,-0.025844215,-0.0067734
kuzukawa_18_35,kuzukawa_35.jpg,Kuzukawa,03. C,fukuoka,01. N_Kyushu,-0.016869428,0.007434577,-0.001924299,-0.022910169,-0.012275642,0.00534811
kuzukawa_19_40,kuzukawa_40.jpg,Kuzukawa,03. C,fukuoka,01. N_Kyushu,-0.011805385,0.017769091,0.004128863,0.01738987,-0.003933577,-0.0254458
kuzukawa_20_46,kuzukawa_46.jpg,Kuzukawa,03. C,fukuoka,01. N_Kyushu,0.040730917,-0.091857039,-0.006044457,0.01177179,-0.030311864,-0.0044645
kuzukawa_23_73,kuzukawa_73.jpg,Kuzukawa,03. C,fukuoka,01. N_Kyushu,0.101624956,0.062814856,0.013725969,0.019011415,0.009552684,-0.0180885
kuzukawa_31_118,kuzukawa_118.jpg,Kuzukawa,03. C,fukuoka,01. N_Kyushu,0.00716483,-0.077704058,0.044892178,0.030446735,0.007818322,0.00856261
kuzukawa_42_130,kuzukawa_130.jpg,Kuzukawa,03. C,fukuoka,01. N_Kyushu,-0.056103013,0.030932519,0.024869991,0.00736515,-0.015862643,0.00492603
magarita,magarita.jpg,Magarita,01. A,fukuoka,01. N_Kyushu,-0.027576274,-0.077390062,0.024985419,0.030994861,-0.033827858,-0.0171585
minamikuramoto_118,minamikuramoto_118.jpg,Minamikuramoto,04. D,tokushima,05. Shikoku,0.005851152,0.035737431,-0.018443113,-0.015599174,0.016494731,-0.0113685
minamimizote_816,minamimizote_816.jpg,Minamimizote,03. C,okayama,03. Sanyo,-0.023921832,0.068734301,0.057828782,0.007261701,-0.02839871,-0.0332866
minamimizote_831,minamimizote_831.jpg,Minamimizote,03. C,okayama,03. Sanyo,-0.086474464,0.045337528,0.003940851,0.012625212,-0.026381968,0.00713467
minamimizote_842,minamimizote_842.jpg,Minamimizote,03. C,okayama,03. Sanyo,-0.006537455,0.022494013,-0.030600633,0.024292813,-0.021953701,-0.0060121
minori_615,minori_615.jpg,Minori,08. H,hyogo,06. Kinki,0.033694893,-0.106999645,-0.018532075,-0.037248505,-0.004466016,0.00617171
minori_1183,minori_1183.jpg,Minori,08. H,hyogo,06. Kinki,-0.110295061,-0.071472249,-0.007714011,0.021114127,0.035728913,-0.0158927
,minori_1223.jpg,Minori,08. H,hyogo,06. Kinki,-0.111474102,-0.122993536,0.005721729,-0.018012049,0.023546021,-0.0233052
minori_1224,minori_1224.jpg,Minori,08. H,hyogo,06. Kinki,-0.06154512,0.001785215,-0.042971401,-0.007282496,-0.002021379,-0.0098026
minori_1229,minori_1229.jpg,Minori,08. H,hyogo,06. Kinki,-0.031913827,0.005291512,-0.001859239,0.01395341,0.001019191,0.01212955
nabatake_1307,nabatake_1307.jpg,Nabatake,02. B,saga,01. N_Kyushu,-0.06980393,0.028761155,0.000472759,-0.024645202,-0.000474803,0.01419293
nagai,nagai.jpg,Nagai,07. G,mie,07. Tokai,0.090529395,0.017869462,0.022331442,0.0038738,0.026909488,-0.0023082
nagasetakahama,nagasetakahama.jpg,Nagasetakahama,03. C,tottori,04. Sanin,0.006901094,-0.003329464,-0.001698532,0.025463948,0.007372661,-0.0026452
nakanosho_45,nakanosho_45.jpg,Nakanosho,06. F,mie,07. Tokai,-0.082267656,-0.028173193,-0.022713055,0.014739699,-0.003739538,0.00556669
nishikawatsu_35_7,nishikawatsu35_7.jpg,Nishikawatsu,04. D,shimane,04. Sanin,0.123667818,0.005132178,0.002811211,0.029493297,-0.008624103,0.01575897
nishikawatsu_37_5,nishikawatsu37_5.jpg,Nishikawatsu,04. D,shimane,04. Sanin,0.039215804,-0.001715991,-0.048961989,-0.003425913,-0.01010057,0.00418766
nishikawatsu_38_3,nishikawatsu38_3.jpg,Nishikawatsu,04. D,shimane,04. Sanin,0.036466858,-0.092493248,-0.030555828,0.049452132,-0.002078474,0.00372827
,nishikawatsu38_7.jpg,Nishikawatsu,04. D,shimane,04. Sanin,-0.068950366,0.027707471,0.017714752,-0.002154442,0.015908866,-0.0130159
nishikawatsu_43_1,nishikawatsu43_1.jpg,Nishikawatsu,04. D,shimane,04. Sanin,0.065123048,0.009286987,-0.04729887,0.007597109,0.02258303,-0.0031562
,nishikawatsu43_4.jpg,Nishikawatsu,04. D,shimane,04. Sanin,-0.001877988,0.005115876,-0.041745936,0.00013804,-0.000383084,0.00292554
nishikawatsu_43_5,nishikawatsu43_5.jpg,Nishikawatsu,04. D,shimane,04. Sanin,-0.044145139,0.006170861,-0.011845002,0.010656388,-0.006051017,-0.0256389
,nishikawatsu43_6.jpg,Nishikawatsu,04. D,shimane,04. Sanin,0.115194236,-0.078469376,0.00508387,-0.018113218,-0.016348863,0.00309986
,nishikawatsu43_8.jpg,Nishikawatsu,04. D,shimane,04. Sanin,0.179430368,-0.071004251,0.013953093,0.029067092,0.007443343,0.0542308
nishikawatsu_130_10,nishikawatsu130_10.jpg,Nishikawatsu,04. D,shimane,04. Sanin,0.045166682,0.005691816,0.020928419,0.007213464,-0.028743948,-0.0035222
nishikawatsu_134_5,nishikawatsu134_5.jpg,Nishikawatsu,04. D,shimane,04. Sanin,-0.068336599,0.034251576,0.035387144,-0.022913673,-0.001854795,-0.0479317
nishikawatsu_134_11,nishikawatsu134_11.jpg,Nishikawatsu,04. D,shimane,04. Sanin,0.177329669,-0.02683606,0.014159887,0.008127081,0.023700474,-0.0072617
nishikawatsu_156_19,nishikawatsu156_19.jpg,Nishikawatsu,04. D,shimane,04. Sanin,0.104914821,-0.07383333,0.022079034,-0.023950551,-0.030048008,-0.0035725
nouso_1954,nouso_1954.jpg,Nouso,06. F,mie,07. Tokai,-0.000639798,-0.12759669,0.057345181,0.000329468,-0.013164134,-0.0124494
nouso_2325,nouso_2325.jpg,Nouso,06. F,mie,07. Tokai,0.007027974,0.003288532,-0.032645534,0.005414162,-0.02118634,0.00918552
oimikura_29,oimikura29.jpg,Oimikura,04. D,fukuoka,01. N_Kyushu,0.099353519,-0.028695919,0.064127575,0.004015989,-0.02931796,-0.0290573
oimikura_33,oimikura33.jpg,Oimikura,04. D,fukuoka,01. N_Kyushu,0.208632492,0.126163581,-0.001772525,0.012580616,0.016650437,0.00364376
oimikura_40,oimikura40.jpg,Oimikura,04. D,fukuoka,01. N_Kyushu,0.018609399,0.017058718,-0.044949466,-0.010105179,0.014437404,0.00252293
oimikura_41,oimikura41.jpg,Oimikura,04. D,fukuoka,01. N_Kyushu,-0.071765987,0.002642354,0.021914784,-0.033220527,-0.015066907,-0.0079748
oimikura_42,oimikura42.jpg,Oimikura,04. D,fukuoka,01. N_Kyushu,-0.079744973,0.148868552,0.017343713,-0.033825166,-0.006690231,-0.010021
oimikura_44,oimikura44.jpg,Oimikura,04. D,fukuoka,01. N_Kyushu,-0.026052776,0.097477128,-0.021705855,-0.028548836,-0.002955877,-0.0010278
oimikura_45,oimikura45.jpg,Oimikura,04. D,fukuoka,01. N_Kyushu,0.029853265,0.039315729,-0.017710043,-0.02389091,-0.015998125,0.00519834
oimikura_46,oimikura46.jpg,Oimikura,04. D,fukuoka,01. N_Kyushu,0.020207681,-0.002390312,-0.025853174,0.012454076,-0.017137356,-0.0080219
oimikura_47,oimikura47.jpg,Oimikura,04. D,fukuoka,01. N_Kyushu,0.003461437,-0.044830295,0.007679172,0.018796161,-0.006803158,0.00422993
oimikura_48,oimikura48.jpg,Oimikura,04. D,fukuoka,01. N_Kyushu,-0.073720148,0.004568907,-0.033849529,0.019678213,-0.015859803,0.00432237
oimikura_51,oimikura51.jpg,Oimikura,04. D,fukuoka,01. N_Kyushu,0.016856893,0.00039243,-0.008037071,-0.009543788,-0.002875039,0.00822565
oimikura_53,oimikura53.jpg,Oimikura,04. D,fukuoka,01. N_Kyushu,0.058354577,-0.114847698,-0.044264189,-0.029542055,0.018415165,-0.0029657
oimikura_58,oimikura58.jpg,Oimikura,04. D,fukuoka,01. N_Kyushu,-0.040729459,0.065106967,-0.012492416,-0.017529142,0.002481609,0.00989032
oimikura_61,oimikura61.jpg,Oimikura,04. D,fukuoka,01. N_Kyushu,0.032642623,0.079239311,-0.001321235,-0.02592433,0.004111771,-0.0303152
oimikura_62,oimikura62.jpg,Oimikura,04. D,fukuoka,01. N_Kyushu,-0.029232069,-0.0711133,-0.004249719,-0.007837909,0.010045364,0.00946874
oimikura_64,oimikura64.jpg,Oimikura,04. D,fukuoka,01. N_Kyushu,-0.013547089,0.005931822,-0.032222449,0.003616596,-0.010033041,0.01404728
okanodan_a_60,okanodan-a_60.jpg,Okanodan,06. F,hiroshima,03. Sanyo,0.059982617,0.040805742,0.032643336,0.01120564,-0.000580637,-0.0060104
okanodan_a_73,okanodan-a_73.jpg,Okanodan,06. F,hiroshima,03. Sanyo,-0.073510054,-0.046228271,-0.026007419,0.005330263,0.004906517,-0.0002244
okanodan_c_132,okanodan-c_132.jpg,Okanodan,06. F,hiroshima,03. Sanyo,-0.031403568,-0.018673554,-0.028247719,0.016191676,-0.006349814,-0.0340841
okanodan_c_182,okanodan-c_182.jpg,Okanodan,06. F,hiroshima,03. Sanyo,0.001572709,-0.035420184,0.026181926,0.0131744,0.026806671,-0.0061903
okanodan_c_195,okanodan-c_195.jpg,Okanodan,06. F,hiroshima,03. Sanyo,-0.103840857,0.082387243,-0.000518434,-0.024979644,0.02507731,0.01466711
okanodan_c_200,okanodan-c_200.jpg,Okanodan,06. F,hiroshima,03. Sanyo,-0.108185441,-0.040869933,-0.023110718,-0.002770775,0.021627594,0.00179085
omiya_157,omiya_157,Omiya,06. F,hiroshima,03. Sanyo,-0.037387148,-0.033658047,0.007803371,0.023047943,-0.00398922,-0.0008362
omiya_28,omiya_28,Omiya,06. F,hiroshima,03. Sanyo,-0.027274419,-0.093197124,0.015033204,0.028456875,-0.002767682,-0.0099972
omiya_53,omiya_53.jpg,Omiya,06. F,hiroshima,03. Sanyo,-0.065332406,0.025522266,0.02863006,-0.012048366,0.006180078,0.00598441
omiya_58,omiya_58.jpg,Omiya,06. F,hiroshima,03. Sanyo,-0.020375595,-0.001683528,-0.007087912,0.015341624,0.014893809,0.00359238
,omiya_123.jpg,Omiya,06. F,hiroshima,03. Sanyo,0.025615792,-0.007644884,0.029688304,0.034197409,-0.012137302,0.00859108
omiya_126,omiya_126,Omiya,06. F,hiroshima,03. Sanyo,-0.020465949,-0.058626141,-0.022645025,-0.001141766,0.001313312,0.00817129
ourahama_247,ourahama_247.jpg,Ourahama,04. D,kagawa,05. Shikoku,-0.030385874,-0.021128613,-0.007082218,0.007202347,-0.005641165,0.00302493
ourahama_250,ourahama_250.jpg,Ourahama,04. D,kagawa,05. Shikoku,-0.031337428,0.00052529,-0.00017508,0.012929335,-0.052360148,-0.0047358
sasai_406_54_280,sasai_406_54_280.jpg,Sasai,01. A,fukuoka,01. N_Kyushu,-0.067832876,0.019431267,-0.02034979,0.00818464,0.004772644,0.00767204
sasai_406_111_897,sasai_406_111_897.jpg,Sasai,01. A,fukuoka,01. N_Kyushu,-0.033250205,0.11892993,-0.007775482,-0.001447328,0.002504589,-0.006755
sasai_406_125_1139,sasai_406_125_1139.jpg,Sasai,01. A,fukuoka,01. N_Kyushu,-0.043637263,-0.02427315,-0.012446531,0.03752595,-0.016872801,-0.0066685
sasai_406_125_1142,sasai_406_125_1142.jpg,Sasai,01. A,fukuoka,01. N_Kyushu,-0.035124842,0.01980311,-0.004885792,-0.005000187,0.006170368,0.0001569
,sasai_407_19_2.jpg,Sasai,01. A,fukuoka,01. N_Kyushu,-0.057227818,0.032642371,-0.018816465,0.017490965,-0.000318709,0.01414483
sasai_407_21_14,sasai_407_21_14.jpg,Sasai,01. A,fukuoka,01. N_Kyushu,0.043150696,0.04612255,-0.032366994,0.009889143,0.02240962,0.00191387
sasai_407_36_1,sasai_407_36_1.jpg,Sasai,01. A,fukuoka,01. N_Kyushu,0.011687548,-0.100227908,0.029224179,-0.000917472,-0.009024778,-0.0149986
,sasai_407_37_31.jpg,Sasai,01. A,fukuoka,01. N_Kyushu,0.033625226,0.02097375,-0.018659621,0.01408202,0.042222838,0.01030633
,sasai_407_37_33.jpg,Sasai,01. A,fukuoka,01. N_Kyushu,0.007294534,-0.020148197,-0.020000896,0.003480229,0.007433278,0.00990988
sasai_635_19_38,sasai_635_19_38.jpg,Sasai,01. A,fukuoka,01. N_Kyushu,-0.050595476,0.067650816,-0.000542286,-0.017787283,0.003178367,0.02132921
sasai_746_260_4,sasai_746_260_4.jpg,Sasai,01. A,fukuoka,01. N_Kyushu,-0.110184935,0.041794521,-0.031474761,0.002633401,-0.009147285,0.00802552
shimokawatsu_17_7,shimokawatsu17_7.jpg,Shimokawatsu,03. C,kagawa,05. Shikoku,-0.027417448,-0.003699484,0.043735542,0.002612469,0.021336016,0.03014105
shimokawatsu_18_2,shimokawatsu18_2.jpg,Shimokawatsu,03. C,kagawa,05. Shikoku,-0.011522733,0.004302841,0.001604144,0.009956847,0.004315909,-0.0227221
shimokawatsu_25_26,shimokawatsu25_26.jpg,Shimokawatsu,03. C,kagawa,05. Shikoku,0.024278663,0.047735591,-0.001097742,0.002152701,0.00760206,-0.0092858
,shinpou_8.jpg,Shinpou,05. E,hyogo,06. Kinki,-0.008526999,0.031033096,-0.010487071,-0.00960294,0.000599172,0.00267548
shinpou_11,shinpou_11.jpg,Shinpou,05. E,hyogo,06. Kinki,0.057725635,-0.038046748,0.02358272,0.0203474,0.002002467,0.0005142
shinpou_142,shinpou_142.jpg,Shinpou,05. E,hyogo,06. Kinki,-0.101832812,-0.019805463,0.020233761,0.00363498,0.017746105,0.00482931
shinpou_178,shinpou_178.jpg,Shinpou,05. E,hyogo,06. Kinki,-0.07773392,-0.051606314,0.02445173,-0.008397509,0.023763188,-0.0047699
shinpou_189,shinpou_189.jpg,Shinpou,05. E,hyogo,06. Kinki,0.010780637,0.039466996,-0.033819292,-0.010545218,-0.01449186,0.00242101
shinpou_204,shinpou_204.jpg,Shinpou,05. E,hyogo,06. Kinki,-0.027654686,0.134167603,0.022197997,-0.037409081,0.002974744,0.00953887
shinpou_232,shinpou_232.jpg,Shinpou,05. E,hyogo,06. Kinki,-0.017359459,-0.054319728,-0.007039443,0.013282123,-0.027758665,-0.0203724
shinpou_236,shinpou_236.jpg,Shinpou,05. E,hyogo,06. Kinki,-0.105988443,0.013159479,0.036225567,-0.001289382,0.024592966,0.03085614
shinpou_256,shinpou_256.jpg,Shinpou,05. E,hyogo,06. Kinki,0.065094024,0.02285393,0.029089815,2.80E-05,0.015031054,0.01413862
shinpou_420,shinpou_420.jpg,Shinpou,05. E,hyogo,06. Kinki,-0.028940525,-0.007325953,0.00940338,0.019749107,0.006704963,0.00785555
shiraishi_9,shiroishi_9.jpg,Shiraishi,06. F,aichi,07. Tokai,-0.076742813,-0.003250924,0.004841854,0.005808721,-0.011176434,0.00678332
shiraishi_11,shiroishi_11.jpg,Shiraishi,06. F,aichi,07. Tokai,-0.041120338,-0.000444257,-0.061767869,-0.002355896,-0.014610492,0.00493893
tainaka_9_11,tainaka_9_11.jpg,Tainaka,06. F,osaka,06. Kinki,-0.06061778,-0.029313524,-0.026143152,0.003259807,0.005354144,0.00156524
,tainaka_10_28.jpg,Tainaka,06. F,osaka,06. Kinki,-0.062998026,-0.037107484,-0.002386876,0.001696528,0.003771226,0.00647367
tainaka_12_77,tainaka_12_77.jpg,Tainaka,06. F,osaka,06. Kinki,0.019587607,0.073470977,-0.004132002,0.011168757,-0.008772773,-0.0097677
tainaka_17_154,tainaka_17_154.jpg,Tainaka,06. F,osaka,06. Kinki,0.014357734,0.004361737,0.03129113,-0.000461293,0.011342768,-9.78E-05
tainaka_17_156,tainaka_17_156.jpg,Tainaka,06. F,osaka,06. Kinki,0.159859708,-0.071021735,0.026434571,-0.02869798,-0.012310772,0.003337
tainaka_23_211,tainaka_23_211.jpg,Tainaka,06. F,osaka,06. Kinki,-0.06151758,-0.007022412,-0.015921578,0.003001296,0.001891665,0.00735238
tainaka_24_240,tainaka_24_240.jpg,Tainaka,06. F,osaka,06. Kinki,0.119463989,-0.145919578,0.006761006,-0.011388417,-0.016690732,-0.0034111
tainaka_25_249,tainaka_25_249.jpg,Tainaka,06. F,osaka,06. Kinki,-0.001293604,-0.085907257,0.011403152,-0.000187531,0.020803193,-0.0041524
tainaka_25_253,tainaka_25_253.jpg,Tainaka,06. F,osaka,06. Kinki,0.112741231,-0.015013829,-0.013609768,-0.004558548,0.01521756,-0.009634
tainaka_26_254,tainaka_26_254.jpg,Tainaka,06. F,osaka,06. Kinki,-0.075495622,0.005283559,-0.003598905,0.012002061,0.010297592,0.01637239
tainaka_30_314,tainaka_30_314.jpg,Tainaka,06. F,osaka,06. Kinki,-0.033301529,0.026626653,0.033102198,0.027690248,0.008782434,-0.0082171
tainaka_31_317,tainaka_31_317.jpg,Tainaka,06. F,osaka,06. Kinki,-0.046334487,0.022529179,-0.007264585,0.000285358,0.013426129,0.01576917
tainaka_33_359,tainaka_33_359.jpg,Tainaka,06. F,osaka,06. Kinki,0.012755375,0.044098998,-0.01637411,0.000114554,-0.028130432,-0.0028439
,takahashi_18.jpg,Takahashi,03. C,kagoshima,02. S_Kyushu,0.024519225,-0.01480297,-0.053189316,0.020177574,-0.016747809,0.01007361
,takahashi_22.jpg,Takahashi,03. C,kagoshima,02. S_Kyushu,-0.021930129,-0.043368662,0.010556819,0.001522955,0.006422176,0.01515794
,takahashi_24.jpg,Takahashi,03. C,kagoshima,02. S_Kyushu,0.034885111,0.100027141,0.024744963,0.001086916,0.023343323,-0.0234617
,takahashi_30.jpg,Takahashi,03. C,kagoshima,02. S_Kyushu,-0.090080831,-0.035878809,-0.031313715,0.03117325,0.010741437,0.00875141
,takahashi_32.jpg,Takahashi,03. C,kagoshima,02. S_Kyushu,0.007200968,-0.001630771,-0.027592866,-0.001583776,0.011972559,-0.001748
,takahashi_33.jpg,Takahashi,03. C,kagoshima,02. S_Kyushu,-0.04397153,0.078031616,-0.01415445,-0.008818967,0.011329546,0.02622303
takakura_5_2,takakura_5_2.jpg,Takakura,08. H,aichi,07. Tokai,0.006597733,-0.070998446,0.017955046,0.01104327,0.033773971,-0.0300791
takakura_8_1,takakura_8_1.jpg,Takakura,08. H,aichi,07. Tokai,0.103633934,0.014098477,0.016678648,0.017839253,-0.019696733,-0.0075347
takakura_10_3,takakura_10_3.jpg,Takakura,08. H,aichi,07. Tokai,-0.006569779,-0.000619332,0.013890132,0.014487396,-0.000763571,0.00333231
takakura_13_3,takakura_13_3.jpg,Takakura,08. H,aichi,07. Tokai,0.048535591,-0.011954305,0.029862128,0.00270897,0.005859099,-0.0066285
takamiya_22,takamiya_22,Takamiya,07. G,osaka,06. Kinki,0.033943393,-0.017756916,-0.006444176,0.005072354,0.002966041,-0.0011199
takamiya_23,takamiya_23,Takamiya,07. G,osaka,06. Kinki,0.026003491,-0.077518724,0.024345956,0.009775251,0.027740335,-0.0229499
takamiya_24,takamiya_24,Takamiya,07. G,osaka,06. Kinki,0.003017485,-0.035083094,0.010383332,-0.071966619,-0.009113316,-0.0053918
takamiya_27,takamiya_27,Takamiya,07. G,osaka,06. Kinki,-0.082070891,0.037114422,-0.048920158,0.001181329,-0.001570833,0.0119666
takano_142,takano_142.jpg,Takano,08. H,kyoto,06. Kinki,0.063342468,-0.082445347,0.005458394,-0.005958904,-0.003079331,-0.002192
takano_145,takano145.jpg,Takano,08. H,kyoto,06. Kinki,-0.029427106,-0.014923817,-0.002809523,0.007646311,-0.004232731,0.00676528
takao_shellmidden_9,takao_9.jpg,Takao,03. C,okayama,03. Sanyo,-0.09253175,-0.036495269,0.002747078,-0.020417447,0.005015237,-0.0021244
takao_shellmidden_14,takao_14.jpg,Takao,03. C,okayama,03. Sanyo,-0.065184114,0.01445765,0.051002184,0.009767983,0.005858011,0.00864984
tamatsutanaka_2052,tamatsutanaka_2052.jpg,Tamatsutanaka,06. F,hyogo,06. Kinki,0.074538333,-0.016511748,0.005048063,-0.005039467,0.00496229,0.00374395
tamatsutanaka_2167,tamatsutanaka_2167.jpg,Tamatsutanaka,06. F,hyogo,06. Kinki,0.018764647,-0.008565406,0.049316227,-0.014185998,0.015367881,0.00464395
tamatsutanaka_2203,tamatsutanaka_2203.jpg,Tamatsutanaka,06. F,hyogo,06. Kinki,0.057121674,-0.014298181,0.009148441,0.014119645,-0.002247013,-0.0011082
tamatsutanaka_2205,tamatsutanaka_2205.jpg,Tamatsutanaka,06. F,hyogo,06. Kinki,-0.029972989,0.075439099,-0.000860334,-0.010029321,0.011107104,0.01393914
tamatsutanaka_2231,tamatsutanaka_2231.jpg,Tamatsutanaka,06. F,hyogo,06. Kinki,0.001795696,-0.032722388,0.001388915,-0.010876122,0.020817799,0.00453455
tamatsutanaka_2234,tamatsutanaka_2234.jpg,Tamatsutanaka,06. F,hyogo,06. Kinki,-0.043953042,-0.100925335,0.052999812,-0.01347141,0.03971601,-0.022862
tamatsutanaka_2263,tamatsutanaka_2263.jpg,Tamatsutanaka,06. F,hyogo,06. Kinki,0.052021189,-0.070012837,-0.03719112,-0.011964213,0.000531629,0.00694727
tamura_733,tamura_733.jpg,Tamura,02. B,kochi,05. Shikoku,0.067635882,0.067662731,-0.031488643,0.014270322,-0.010293771,-0.0095022
tamura_a10_6,tamura_a10_6.jpg,Tamura,05. E,kochi,05. Shikoku,-0.05381536,0.075708706,0.033847262,0.024417752,0.005803384,-0.0012592
tamura_b1_4_9,tamura_b1_4_9.jpg,Tamura,03. C,kochi,05. Shikoku,-0.02549692,-0.011457207,-0.034891306,0.015648309,-0.002029778,-0.0086438
tamura_b1_8,tamura_b1_8.jpg,Tamura,03. C,kochi,05. Shikoku,-0.087429243,0.070034386,0.032232018,0.010958334,0.005677857,0.00254699
tamura_c1_7_6,tamura_c1_7_6.jpg,Tamura,05. E,kochi,05. Shikoku,-0.094821116,0.05728047,0.015353414,-0.002256231,0.005867248,-0.0180167
tamura_c1_7,tamura_c1_7.jpg,Tamura,05. E,kochi,05. Shikoku,-0.035876392,-0.00189419,0.008792649,0.008924097,0.002080904,0.0069197
tamura_c1_9,tamura_c1_9.jpg,Tamura,04. D,kochi,05. Shikoku,-0.071184199,-0.012288081,-0.028568453,-0.000976044,0.023777158,0.00503052
tamura_c1_12,tamura_c1_12.jpg,Tamura,04. D,kochi,05. Shikoku,-0.041717539,0.058567478,-0.023103497,0.000978032,-0.012887844,-0.0069061
tamura_c1_19_2,tamura_c1_19_2.jpg,Tamura,04. D,kochi,05. Shikoku,-0.032413449,0.119381324,0.000212645,0.02206634,-0.016631199,-0.0050221
tamura_c1_21_292,tamura_c1_21_292.jpg,Tamura,05. E,kochi,05. Shikoku,-0.00583428,0.055150934,0.016262628,-0.01930271,0.010184859,-0.000162
tamura_c1_24_3z,tamura_c1_24_3z.jpg,Tamura,03. C,kochi,05. Shikoku,-0.088107831,0.0250758,0.012793513,-0.006755358,0.005541699,-0.0218266
tamura_c1_26_6,tamura_c1_26_6.jpg,Tamura,05. E,kochi,05. Shikoku,-0.082395083,0.070505946,0.000399794,-0.001165161,0.00426428,-0.0028846
tamura_c1_34_12,tamura_c1_34_12.jpg,Tamura,04. D,kochi,05. Shikoku,-0.038661129,-0.081319605,-0.004104127,0.022473748,-0.021162942,0.00340392
tamura_c1_36_7,tamura_c1_36_7.jpg,Tamura,04. D,kochi,05. Shikoku,-0.029682889,0.041054923,-0.005124264,-0.010985089,-0.013295835,-0.0116996
tamura_c1_1144_6,tamura_c1_1444_6.jpg,Tamura,04. D,kochi,05. Shikoku,-0.09770257,-0.032838931,0.009215277,0.019095974,0.015281242,-0.0188863
tamura_c2_4,tamura_c2_4.jpg,Tamura,04. D,kochi,05. Shikoku,-0.041114966,0.013014205,0.011115925,0.011843031,0.003566078,0.00818409
tamura_c2_208_6,tamura_c2_208_6.jpg,Tamura,05. E,kochi,05. Shikoku,-0.053492686,0.034172514,0.0088484,-0.02693343,0.009923303,-0.0172683
tamura_c3_3_2,tamura_c3_2_2.jpg,Tamura,04. D,kochi,05. Shikoku,-0.030783827,-0.032800646,-0.009616695,-0.057168935,0.004228993,-0.0118501
tamura_c3_5,tamura_c3_5.jpg,Tamura,04. D,kochi,05. Shikoku,-0.074616116,-0.01839939,0.008400245,0.029942648,0.000606543,-0.0077801
tamura_c3_7,tamura_c3_7.jpg,Tamura,04. D,kochi,05. Shikoku,-0.064838372,-0.103009611,0.011737615,0.010836069,0.01484459,-0.0134483
tamura_c4_18_74,tamura_c4_18_74.jpg,Tamura,03. C,kochi,05. Shikoku,-0.038858902,0.035682079,0.048485415,0.035818982,-0.024066251,-0.0022565
tamura_c4_18_75,tamura_c4_18_75.jpg,Tamura,03. C,kochi,05. Shikoku,0.009621473,-0.017856383,0.057310282,-0.005273652,0.011865417,-0.0086127
tamura_c4_19,tamura_c4_19.jpg,Tamura,05. E,kochi,05. Shikoku,-0.0612364,-0.024171539,-0.019432477,0.006944583,0.002695998,-0.0023788
tamura_c4_24,tamura_c4_24.jpg,Tamura,03. C,kochi,05. Shikoku,-0.063023123,-0.036548331,0.01109964,0.030158965,0.010225119,0.00524055
tamura_c4_25,tamura_c4_25.jpg,Tamura,03. C,kochi,05. Shikoku,-0.087922675,-0.097153071,0.00101963,-0.040374201,0.013512647,-0.0146716
tamura_c4_26,tamura_c4_26.jpg,Tamura,03. C,kochi,05. Shikoku,-0.03049068,-0.106976235,-0.010681046,0.009831861,-0.010331449,0.0045841
tamura_c4_27,tamura_c4_27.jpg,Tamura,03. C,kochi,05. Shikoku,-0.146049071,-0.004634053,0.000118683,-0.005864557,-0.01342771,-0.0012079
tamura_c4_28_17,tamura_c4_28_17.jpg,Tamura,05. E,kochi,05. Shikoku,-0.101718018,-0.015130211,0.018128206,-0.013709757,0.022126111,0.01222723
tamura_c4_28,tamura_c4_28.jpg,Tamura,03. C,kochi,05. Shikoku,0.006447139,-0.013714848,-0.018159974,0.012174302,0.012114307,-0.0015586
tamura_c4_34,tamura_c4_34.jpg,Tamura,03. C,kochi,05. Shikoku,-0.107471517,-0.023902944,0.013921328,-0.090032776,0.007680993,-0.0156037
tamura_c4_40_26,tamura_c4_40_26.jpg,Tamura,03. C,kochi,05. Shikoku,-0.009596381,0.033356217,0.017533068,0.006506423,-0.000945282,0.00939107
tamura_c4_73,tamura_c4_73.jpg,Tamura,03. C,kochi,05. Shikoku,-0.093348958,-0.038657481,-0.002947803,-0.008457193,0.003936467,-0.0081451
tamura_c4_4025_80,tamura_c4_4025_80.jpg,Tamura,03. C,kochi,05. Shikoku,-0.100061751,-0.002729435,0.010603789,-0.001358869,0.002979996,-0.0092387
tamura_c4_4061_17,tamura_c4_4061_17.jpg,Tamura,03. C,kochi,05. Shikoku,-0.080648453,-0.022161693,0.002567537,0.010268314,0.005352675,-0.0010493
tamura_c4_sk4018_7,tamura_c4_sk4018_7.jpg,Tamura,03. C,kochi,05. Shikoku,-0.058195459,-0.011002545,-0.008979828,0.016295866,0.00190357,-0.0048254
tamura_c4_sk4207_9,tamura_c4_sk4207_9.jpg,Tamura,04. D,kochi,05. Shikoku,-0.024835432,0.032574879,0.050071012,-0.032822614,-0.011456632,0.01840858
tamura_e2_9,tamura_e2_9.jpg,Tamura,03. C,kochi,05. Shikoku,-0.030188193,-0.012841034,0.041426268,0.020155673,0.004905253,-0.0086696
tamura_e2_10,tamura_e2_10.jpg,Tamura,03. C,kochi,05. Shikoku,-0.045919959,0.046806799,0.009190395,0.032275713,-0.020571912,0.02493488
tamura_e5_2,tamura_e5_2.jpg,Tamura,05. E,kochi,05. Shikoku,-0.065689363,-0.008745241,-0.006334417,0.010776029,-0.004763399,0.00799664
tamura_e5_4_1,tamura_e5_4_1.jpg,Tamura,05. E,kochi,05. Shikoku,0.035477514,0.03465548,0.065682621,0.016435618,-0.012662979,-0.0046022
tamura_e5_17,tamura_e5_17.jpg,Tamura,04. D,kochi,05. Shikoku,-0.074657211,0.162936827,0.028043337,0.003594795,0.010738109,0.020383
tamura_e5_582_1,tamura_e5_582_1.jpg,Tamura,05. E,kochi,05. Shikoku,-0.093518911,0.012064685,0.002367939,0.010723261,-0.00514148,0.01096201
tamura_e6_9,tamura_e6_9.jpg,Tamura,05. E,kochi,05. Shikoku,-0.056245054,-0.01567175,0.021650361,-0.010046132,-0.020198354,0.00605244
tamura_e6_10,tamura_e6_10.jpg,Tamura,05. E,kochi,05. Shikoku,-0.044091346,-0.059186503,0.037054585,0.024014347,0.01921548,0.00986072
tamura_f3_3_1,tamura_f3_3_1.jpg,Tamura,03. C,kochi,05. Shikoku,-0.10593449,-0.003393966,0.053189566,0.010717268,0.024435075,0.00651379
tamura_f4_21,tamura_f4_21.jpg,Tamura,05. E,kochi,05. Shikoku,-0.067544563,-0.006522717,0.036453149,-0.033039226,0.016526559,0.01614847
tamura_f4_27,tamura_f4_27.jpg,Tamura,05. E,kochi,05. Shikoku,-0.04147478,0.043733257,0.009002591,0.018360103,0.003291339,0.00519072
tamura_ivvii_354,tamura_IVVII_354.jpg,Tamura,02. B,kochi,05. Shikoku,-0.054502484,0.074400656,0.020100962,-0.009812315,0.012151671,0.00347797
tamura_sk4_1,tamura_sk4_1.jpg,Tamura,05. E,kochi,05. Shikoku,-0.040804374,-0.013888126,0.008312823,-0.010905011,-0.008547677,0.02911425
tamura_sk8_81,tamura_sk8_81.jpg,Tamura,03. C,kochi,05. Shikoku,0.017136663,-0.030729263,0.00477396,-0.007799997,-0.013552426,0.01950648
tamura_sx4_863,tamura_SX4_863.jpg,Tamura,02. B,kochi,05. Shikoku,0.08788811,0.069660494,-0.027455935,0.016303594,0.020082778,-0.0109166
tamura_vii_138,tamura_VII_138.jpg,Tamura,02. B,kochi,05. Shikoku,-0.101531172,-0.057498206,0.00096846,0.019508757,-0.011135584,0.00955434
tamura_vii_234,tamura_VII_234.jpg,Tamura,02. B,kochi,05. Shikoku,-0.135026669,0.007113064,0.00499348,0.016702102,-0.010243725,-0.0005176
tochu_11,tochu_88.jpg,Tochu,08. H,kyoto,06. Kinki,0.011120562,-0.117827568,-0.011086136,0.009320969,0.02153567,-0.0109939
tokuzo_495,tokuzo_495.jpg,Tokuzo,06. F,wakayama,06. Kinki,-0.030668928,-0.043699548,0.025791786,0.031537239,-0.010867076,-0.0062478
tokuzo_496,tokuzo_496.jpg,Tokuzo,06. F,wakayama,06. Kinki,-0.134588956,-0.07600877,0.053481052,0.007178965,0.009627267,-0.0111456
tsukinawate_1990_18,tsukinawate1990_18.jpg,Tsukinawate,07. G,aichi,07. Tokai,-0.015188639,-0.044225664,0.009026844,0.003418737,0.00634673,0.00660874
tsukinawate_1990_19,tsukinawate1990_19.jpg,Tsukinawate,07. G,aichi,07. Tokai,0.003843576,-0.006599891,-0.018980725,-0.028980949,-0.015728558,0.02647873
tsukinawate_1990_21,tsukinawate1990_21.jpg,Tsukinawate,07. G,aichi,07. Tokai,-0.089119365,0.061900003,0.012251131,-0.026341133,-0.021988184,0.00614452
tsukinawate_1990_23,tsukinawate1990_23.jpg,Tsukinawate,07. G,aichi,07. Tokai,-0.003898776,0.012991751,-0.00336763,-0.006348602,0.003234857,0.01273837
tsukinawate_1990_24,tsukinawate1990_24.jpg,Tsukinawate,07. G,aichi,07. Tokai,-0.071175253,-0.002575619,-0.034375409,-0.024269356,0.015159218,0.02254549
tsukinawate_1990_44,tsukinawate1990_44.jpg,Tsukinawate,07. G,aichi,07. Tokai,-0.072614814,0.046886412,-0.005978258,-0.004879801,0.002252065,0.00601391
tsukinawate_1990_134,tsukinawate1990_134.jpg,Tsukinawate,07. G,aichi,07. Tokai,-0.050947014,0.00455766,0.000582527,-0.006696127,-0.005398104,0.00972104
tsukinawate_1994_39,tsukinawate1994_39.jpg,Tsukinawate,07. G,aichi,07. Tokai,-0.103556449,0.009063467,-0.004690144,0.008917979,0.000301063,0.00084539
tsukinawate_1994_43,tsukinawate1994_43.jpg,Tsukinawate,07. G,aichi,07. Tokai,-0.109586606,-0.016388262,-0.008586004,0.007247003,-0.007700284,0.00059885
tsukinawate_1994_63,tsukinawate1994_63.jpg,Tsukinawate,07. G,aichi,07. Tokai,-0.092256254,0.009172284,0.033819473,0.011423174,-0.016097712,0.00604156
tsukinawate_1994_88,tsukinawate1994_88.jpg,Tsukinawate,07. G,aichi,07. Tokai,-0.027789317,-0.032378742,-0.000538289,0.007378746,-0.012065948,0.00607762
tsuko_5_3,tsuko_5_3.jpg,Tsukotsuchitori,03. C,fukuoka,01. N_Kyushu,-0.021435812,-0.002976907,-0.059883347,0.012202532,0.003921252,-0.0187983
,tsuko_27_1.jpg,Tsukotsuchitori,03. C,fukuoka,01. N_Kyushu,0.096813304,0.014201035,-0.032609731,-0.013182042,-0.034630622,0.00247899
tsuko_41_2,tsuko_41_2.jpg,Tsukotsuchitori,03. C,fukuoka,01. N_Kyushu,-0.017213811,0.012088813,0.037633715,-0.012922044,-0.00088969,0.03346699
tsuko_47_4,tsuko_47_4.jpg,Tsukotsuchitori,03. C,fukuoka,01. N_Kyushu,-0.022878765,-0.007143999,-0.047796712,-0.038157139,-0.003537301,-0.0040862
,tsuko_59_2.jpg,Tsukotsuchitori,03. C,fukuoka,01. N_Kyushu,-0.064495792,0.012394705,-0.028661095,-0.036598998,-0.014828999,0.00852608
tsuko_74_1,tsuko_74_1.jpg,Tsukotsuchitori,03. C,fukuoka,01. N_Kyushu,0.010218381,0.032826845,-0.042857778,-0.037046951,0.018949764,-0.0079162
,tsuko_80_1.jpg,Tsukotsuchitori,03. C,fukuoka,01. N_Kyushu,-0.038260034,-0.020905522,-0.024064066,0.011122401,-0.008679621,-0.0085785
tsuko_89_2,tsuko_89_2.jpg,Tsukotsuchitori,03. C,fukuoka,01. N_Kyushu,0.032844531,0.020931112,-0.003766851,0.011106014,-0.014087765,-0.0093102
tsuko_94_2,tsuko_94_2.jpg,Tsukotsuchitori,03. C,fukuoka,01. N_Kyushu,0.05559237,-0.048974836,-0.00891786,0.011633175,0.015099444,-0.0034985
,tsuko_121_1.jpg,Tsukotsuchitori,03. C,fukuoka,01. N_Kyushu,0.067808243,0.003319346,0.001462587,0.001787129,0.001312089,0.00844179
tsuko_123_1,tsuko_123_1.jpg,Tsukotsuchitori,03. C,fukuoka,01. N_Kyushu,0.056070566,-0.090667928,-0.001328952,-0.008858746,-0.010644014,-0.0084651
tsuko_128_1,tsuko_128_1.jpg,Tsukotsuchitori,03. C,fukuoka,01. N_Kyushu,-0.027502308,-0.009523443,0.04194845,0.025993849,0.003853677,-0.0134861
tsuko_148_5,tsuko_148_5.jpg,Tsukotsuchitori,03. C,fukuoka,01. N_Kyushu,-0.042716047,0.034859682,-0.034530971,-0.003837404,0.011881512,-0.009716
tsuko_148_7,tsuko_148_7.jpg,Tsukotsuchitori,03. C,fukuoka,01. N_Kyushu,-0.028101959,-0.018761093,-0.016413544,0.012631133,-0.017910035,-0.0082182
,tsuko_148_9.jpg,Tsukotsuchitori,03. C,fukuoka,01. N_Kyushu,-0.027172411,-0.054243869,-0.012086914,0.027141637,-0.004854827,0.00118677
tsuko_172_1,tsuko_172_1.jpg,Tsukotsuchitori,03. C,fukuoka,01. N_Kyushu,0.004641536,-0.015272546,0.011098033,-0.007615666,-0.012282638,0.00757721
tsuko_216_1,tsuko_216_1.jpg,Tsukotsuchitori,03. C,fukuoka,01. N_Kyushu,0.104270619,0.066915631,-0.031316104,-0.032470704,-0.01201836,-0.0248961
tsushima_2_284,tsushima_2_284.jpg,Tsushima,04. D,okayama,03. Sanyo,-0.020406781,0.061077749,0.023322973,0.004007282,6.66E-06,0.0048442
tsushima_2_285,tsushima_2_285.jpg,Tsushima,04. D,okayama,03. Sanyo,-0.092436757,-0.040748916,-0.003424731,0.013376317,0.016497857,0.00183714
uemitani_117,uemitani_117.jpg,Uemitani,04. D,ehime,05. Shikoku,-0.012308401,-0.056673688,0.014698187,0.00289326,0.002930545,-0.0083602
umaki_96,umaki_96.jpg,Umaki,08. H,hyogo,06. Kinki,-0.006318349,0.013961574,-0.010277906,0.00875104,-0.029063579,0.00036015
umaki_134,umaki_134.jpg,Umaki,08. H,hyogo,06. Kinki,0.038772571,0.070688152,0.015474014,-0.018286495,0.014476919,-0.0218928
wakaekita_121_2,wakaekita121_2.jpg,Wakaekita,05. E,osaka,06. Kinki,0.083783158,0.029548369,0.018139949,0.053874983,-0.034125228,0.00220788
wakaekita_124_9,wakaekita124_9.jpg,Wakaekita,05. E,osaka,06. Kinki,-0.073525154,0.012995169,0.012076376,0.001853648,-0.031652279,0.00281789
waniishi_47,waniishi_47.jpg,Waniishi,05. E,shimane,04. Sanin,0.027178819,0.04406898,0.001582076,0.009728493,0.022174754,0.00085668
waniishi_143,waniishi_143.jpg,Waniishi,06. F,shimane,04. Sanin,-0.050696053,-0.008657381,0.005563637,0.009368984,0.01985385,0.00886948
yano_162_3,yano162_3.jpg,Yano,04. D,shimane,04. Sanin,0.067947147,0.043416011,0.033284127,0.003316913,0.001911453,0.00432242
yano_162_8,yano162_8.jpg,Yano,04. D,shimane,04. Sanin,0.036265045,0.100026546,0.01280787,-0.010856796,-0.007754595,-0.0046252
yano_166_7,yano166_7.jpg,Yano,04. D,shimane,04. Sanin,0.05621322,0.040779958,-0.000485932,-0.019889609,-0.023989804,0.02928447
yano_167_6,yano167_6.jpg,Yano,04. D,shimane,04. Sanin,0.028591493,0.044602616,-0.016886509,0.01083487,0.003042523,0.01056833
yano_167_7,yano167_7.jpg,Yano,04. D,shimane,04. Sanin,0.067725278,-0.022519598,-0.00960109,-0.010152536,0.000235901,0.00604658
yano_167_8,yano167_8.jpg,Yano,04. D,shimane,04. Sanin,0.068680393,-0.038875862,-0.007024009,-0.006006618,-0.015300478,0.00537394
yano_173_4,yano173_4.jpg,Yano,04. D,shimane,04. Sanin,-0.008642944,0.049408504,-0.008123926,0.006784621,-0.038806757,0.00620138
yano_174_10,yano174_10.jpg,Yano,04. D,shimane,04. Sanin,0.037008924,-0.013116134,0.025612814,-0.009786014,0.005779149,0.00284609
yano_174_11,yano174_11.jpg,Yano,04. D,shimane,04. Sanin,0.076308678,-0.003152763,-0.006453584,-0.006592999,-0.015806456,-4.16E-05
yano_175_1,yano175_1.jpg,Yano,04. D,shimane,04. Sanin,0.000894907,0.068010139,-0.012576884,0.015239266,-0.017087383,0.00833335
yano_175_6,yano175_6.jpg,Yano,04. D,shimane,04. Sanin,0.097421294,0.031317227,0.030030538,0.026307505,0.003928408,-0.0110842
yano_244_9,yano244_9.jpg,Yano,03. C,shimane,04. Sanin,0.007301629,0.066943114,0.015765568,0.013286296,0.014326682,-0.0093205
yano_244_11,yano244_11.jpg,Yano,03. C,shimane,04. Sanin,-0.064539458,-0.092001936,-0.0166002,-0.003164106,-0.005349466,-0.0067125
yano_251_12,yano251_12.jpg,Yano,03. C,shimane,04. Sanin,-0.026165851,0.038383993,0.029240483,0.000668648,0.003901335,0.00577764
yano_255_1,yano255_1.jpg,Yano,03. C,shimane,04. Sanin,0.108588632,0.040112139,-0.003474914,-0.020758865,0.025311247,0.00397644
yano_256_3,yano256_3.jpg,Yano,04. D,shimane,04. Sanin,0.000991922,0.083824846,0.01814164,-0.020115653,-0.014834065,0.00636405
yano_287_5,yano287_5.jpg,Yano,03. C,shimane,04. Sanin,0.060361042,-0.07220607,0.010174702,-0.029873451,-0.00421587,0.00469982
yano_288_1,yano288_1.jpg,Yano,04. D,shimane,04. Sanin,-0.033758155,0.054614584,0.017335681,0.007695267,-0.010240379,-0.01012
yano_356_9,yano356_9.jpg,Yano,04. D,shimane,04. Sanin,0.065767175,-0.020691089,0.013518987,0.005188979,-0.020097676,0.00156046
yo_yanagase_386,yo_yanagase_386.jpg,Yo-Yanagase,08. H,hyogo,06. Kinki,-0.11511007,-0.150255093,-0.034397498,0.021543642,0.013190971,-0.0200507
yo_yanagase_390,yo_yanagase_390.jpg,Yo-Yanagase,08. H,hyogo,06. Kinki,-0.057007112,-0.033433221,0.061019425,0.010468735,0.021911552,-0.0060721
yokoro_59,yokoro_59.jpg,Yokoro,05. E,hiroshima,03. Sanyo,-0.076045822,-0.001830945,-0.015181778,-0.009108287,-0.013511911,-0.0410765
yokoro_71,yokoro_71.jpg,Yokoro,05. E,hiroshima,03. Sanyo,0.119557199,-0.146416288,0.024788988,-0.007854572,-0.021800825,0.02653323
yoshinaga_4_44,yoshinaga4_44.jpg,Yoshinaga,05. E,yamaguchi,03. Sanyo,-0.048879874,-0.021002267,0.015863661,-7.20E-05,-0.029918608,0.02546004
yoshinaga_4_45,yoshinaga4_45.jpg,Yoshinaga,05. E,yamaguchi,03. Sanyo,0.047329254,0.115515412,0.008024751,-0.043837819,-0.029002534,-0.0130197
yoshinaga_4_46,yoshinaga4_46.jpg,Yoshinaga,05. E,yamaguchi,03. Sanyo,-0.063920587,-0.017985825,0.008986879,0.00424512,-0.017505265,0.01000257
yoshinaga_4_47,yoshinaga4_47.jpg,Yoshinaga,05. E,yamaguchi,03. Sanyo,0.067898607,0.049093697,0.002873236,0.016145752,0.005623283,0.00978213
yoshinaga_4_48,yoshinaga4_48.jpg,Yoshinaga,05. E,yamaguchi,03. Sanyo,0.053590891,0.021853473,-0.030852822,0.0277206,-0.004697915,-0.0011457
yoshinaga_4_49,yoshinaga4_49.jpg,Yoshinaga,05. E,yamaguchi,03. Sanyo,0.014562006,0.0432862,-0.008756566,0.006644868,-0.0156921,-0.0306092
,yoshinaga4_51.jpg,Yoshinaga,05. E,yamaguchi,03. Sanyo,-0.070290099,-0.057939645,-0.005474579,0.024178604,0.014805104,-0.0035742
yoshinaga_4_61,yoshinaga4_61.jpg,Yoshinaga,05. E,yamaguchi,03. Sanyo,-0.043487107,0.022756409,0.025419122,0.02376889,-0.013024143,-0.0215969
yoshinaga_4_65,yoshinaga4_65.jpg,Yoshinaga,05. E,yamaguchi,03. Sanyo,0.066089452,0.128480951,-0.024329274,0.007653255,0.009139119,-0.0234323
yoshinaga_4_76,yoshinaga4_76.jpg,Yoshinaga,05. E,yamaguchi,03. Sanyo,0.036314588,0.024057317,-0.02254394,-0.005806053,0.015710287,0.00054231
yoshinaga_4_81,yoshinaga4_81.jpg,Yoshinaga,05. E,yamaguchi,03. Sanyo,-0.123254861,0.038292858,-0.018148885,-0.040368516,-0.002293633,-0.0104014
,yoshinaga4_83.jpg,Yoshinaga,05. E,yamaguchi,03. Sanyo,0.05610014,0.044825349,-0.037002268,0.040387633,-0.011902751,0.01034643
yoshinaga_4_87,yoshinaga4_87.jpg,Yoshinaga,05. E,yamaguchi,03. Sanyo,0.017340856,0.061923757,-0.010999143,0.010428105,0.008958316,-0.016209
yoshinaga_4_104,yoshinaga4_104.jpg,Yoshinaga,04. D,yamaguchi,03. Sanyo,0.153988624,-0.252111138,0.000387156,-0.052716137,0.012961447,0.00777114
yoshinaga_4_112,yoshinaga4_112.jpg,Yoshinaga,04. D,yamaguchi,03. Sanyo,0.15821602,-0.21974308,-0.01080945,-0.063549605,0.014048139,0.00879057
yoshinaga_4_115,yoshinaga4_115.jpg,Yoshinaga,04. D,yamaguchi,03. Sanyo,0.030580938,0.130433457,0.003882265,0.02377683,0.020451727,-0.0099011
yoshinaga_4_146,yoshinaga4_146.jpg,Yoshinaga,04. D,yamaguchi,03. Sanyo,0.014724321,0.128794722,-0.017458755,0.005748714,0.012744174,-0.0202442
yoshinaga_5_56,yoshinaga5_56.jpg,Yoshinaga,06. F,yamaguchi,03. Sanyo,0.000594653,-0.065089211,0.018581729,-0.029019978,0.00211886,0.00737694
,yoshinaga5_57.jpg,Yoshinaga,06. F,yamaguchi,03. Sanyo,0.071720816,0.065568065,-0.006962825,0.016699979,0.011743385,-0.0032813
yoshinaga_5_60,yoshinaga5_60.jpg,Yoshinaga,06. F,yamaguchi,03. Sanyo,0.008044846,-0.018564069,-0.044591558,0.002054289,-0.005727618,0.00054016
yoshinaga_5_61,yoshinaga5_61.jpg,Yoshinaga,06. F,yamaguchi,03. Sanyo,0.099168303,-0.014895818,-0.007431855,-0.009589522,0.037183018,0.00542668
,yoshinaga5_64.jpg,Yoshinaga,06. F,yamaguchi,03. Sanyo,0.09667776,-0.049289581,-0.028704914,0.001516558,0.005009768,-0.0036548
yoshinaga_5_65,yoshinaga5_65.jpg,Yoshinaga,06. F,yamaguchi,03. Sanyo,0.002476964,0.036114052,-0.012186826,-0.025313819,0.000634997,0.02141172
yoshinaga_5_67,yoshinaga5_67.jpg,Yoshinaga,06. F,yamaguchi,03. Sanyo,0.066287877,0.027725224,0.024207733,-0.024609087,-0.019704586,0.00479567
yoshinaga_5_69,yoshinaga5_69.jpg,Yoshinaga,06. F,yamaguchi,03. Sanyo,0.00411352,0.085675467,-0.03225622,-0.011202738,0.037390508,-0.0177136
yunobe_175,yunobe_175.jpg,Shiga,06. F,shiga,06. Kinki,-0.060024626,0.053695446,-0.015688826,0.005708506,-0.020751706,-0.0050209